{
  "center": [
    75.01963907194738,
    82.29723432039904,
    113.6349772222217
  ],
  "r_max": 164.16531767723626,
  "r_bins": 224,
  "theta_bins": 224,
  "phi_bins": 224,
  "equal_area_phi": true,
  "orig_shape": [
    149,
    175,
    209
  ]
}